[
    {
        "name":"file",
        "content":[
            {
                "id":"new",
                "function":["fileNew"],
                "icon":"file"
            },
            {
                "id":"open",
                "function":["fileOpen"],
                "icon":"folder-open"
            },
            {
                "id":"save",
                "function":["fileSave"],
                "icon":"save"
            },
            {
                "id":"saveas",
                "name":"Save As...",
                "function":["createMenu","'save'"],
                "icon":"save"
            },
            {
                "id":"email",
                "function":["fileEmail"],
                "icon":"envelope"
            }
        ]
    },
    {
        "name":"edit",
        "content":[
            {
                "id":"undo",
                "function":["Undo"],
                "icon":"undo"
            },
            {
                "id":"redo",
                "function":["Redo"],
                "icon":"repeat"
            },
            {
                "id":"copy",
                "function":["Copy"],
                "icon":"copy"
            },
            {
                "id":"cut",
                "function":["Cut"],
                "icon":"cut"
            },
            {
                "id":"paste",
                "function":["Paste"],
                "icon":"paste"
            },
            {
                "id":"clear",
                "name":"Delete All",
                "function":["deleteAll"],
                "icon":"trash"
            },
            {
                "id":"selectall",
                "name":"Select All",
                "function":["selectAll"],
                "icon":"object-ungroup"
            }
        ]
    },
    {
        "name":"settings",
        "content":[
            {
                "id":"zoomin",
                "name":"Zoom In",
                "function":["Zoom", "'in'"],
                "icon":"search-plus"
            },
            {
                "id":"zoomout",
                "name":"Zoom Out",
                "function":["Zoom", "'out'"],
                "icon":"search-minus"
            },
            {
                "id":"split"
            },
            {
                "id":"preferences",
                "function":["createMenu","'preferences'"],
                "icon":"wrench"
            }
        ]
    },
    {
        "name":"view",
        "content":[
            {
                "id":"theme",
                "function":["createMenu","'theme'"],
                "icon":"paint-brush"
            },
            {
                "id":"split"
            },
            {
                "id":"text",
                "name":"Plain Text",
                "function":["View", "this.id.replace('view-', '').split('--btn')[0]"],
                "icon":"font"
            },
            {
                "id":"html",
                "name":"HTML",
                "function":["View", "this.id.replace('view-', '').split('--btn')[0]"],
                "icon":"object-group"
            },
            {
                "id":"css",
                "name":"CSS",
                "function":["View", "this.id.replace('view-', '').split('--btn')[0]"],
                "icon":"magic"
            },
            {
                "id":"javascript",
                "name":"JavaScript",
                "function":["View", "this.id.replace('view-', '').split('--btn')[0]"],
                "icon":"code"
            }
        ]
    },
    {
        "name":"help",
        "content":[
            {
                "id":"help",
                "function":["Help"],
                "icon":"question-circle"
            },
            {
                "id":"feedback",
                "function":["Feedback"],
                "icon":"comment"
            }
        ]
    },
    {
        "name":"tabs",
        "content":[]
    }
]

