{
    "angle":{
        "formula":"smart",
        "units":{
            "arcminute":0.01666667,
            "arcsecond":0.0002777778,
            "milliarcsecond":0.0000002777699,
            "microarcsecond":0.0000000002777699,

            "degree":1,
            "gradian":0.9,
            "radian":57.29578,
            "milliradian":0.05729578,
            "microradian":0.00005729578,

            "cycle":360,
            "revolution":360.0008
        }
    },
    "area":{
        "formula":"smart",
        "units":{
            "acre":4046.86,
            "are":100,
            "hectare":10000,
            "rood":1011.714,
            "barn":0.0000000000000000000000000001,

            "square mile":2589988,
            "square yard":0.8361274,
            "square foot":0.09290304,
            "square inch":0.00064516,

            "square meter":1,
            "square decimeter":0.01,
            "square centimeter":0.0001,
            "square millimeter":0.000001,

            "square rod":25.2929
        }
    },
    "data transfer rate":{
        "formula":"smart",
        "units":{
            "terabyte per second":8000000000000,
            "gigabyte per second":8000000000,
            "megabyte per second":8000000,
            "kilobyte per second":8000,

            "tebibit per second":1099512000000,
            "terabit per second":1000000000000,
            "gibibit per second":1073742000,
            "gigabit per second":1000000000,
            "mebibit per second":1048576,
            "megabit per second":1000000,
            "kibibit per second":1024,
            "kilobit per second":1000,
            "bits per second":1
        }
    },
    "digital storage":{
        "formula":"smart",
        "units":{
            "pebibit":140737500000000,
            "petabit":125000000000000,
            "tebibit":137439000000,
            "terabit":125000000000,
            "gibibit":134217700,
            "gigabit":125000000,
            "mebibit":131072,
            "megabit":125000,
            "kibibit":128,
            "kilobit":125,
            "bit":0.125,

            "pebibyte":1125900000000000,
            "petabyte":1000000000000000,
            "tebibyte":1099512000000,
            "terabyte":1000000000000,
            "gibibyte":1073742000,
            "gigabyte":1000000000,
            "mebibyte":1048576,
            "megabyte":1000000,
            "kibibyte":1024,
            "kilobyte":1000,
            "byte":1
            
        }
    },
    "duration":{
        "formula":"smart",
        "units":{
            "century":3.154e+9,
            "decade":3.154e+8,
            "year":3.154e+7,
            "month":2.628e+6,
            "week":604800,
            "day":86400,
            "hour":3600,
            "minute":60,

            "second":1,
            "millisecond":0.001,
            "microsecond":1e-6,
            "nanosecond":1e-9
        }
    },
    "energy":{
        "formula":"smart",
        "units":{
            "gigaelectron volt":0.0000000001602177,
            "megaelectron volt":0.0000000000001602177,
            "kiloelectron volt":0.0000000000000001602177,
            "electronvolt":1.602177e-19,
            "centielectron volt":0.000000000000000000001602177,
            "millielectron volt":0.0000000000000000000001602177,
            "microelectron volt":0.0000000000000000000000001602177,

            "kilojoule":1000,
            "joule":1,

            "watt hour":3600,

            "kilocalorie":4184,
            "gram colorie":4.184,
            "foot pound":1.355818,

            "british thermal unit":1055.056,
            "therm":1.055e+8,
            "erg":0.0000001
        }
    },
    "force":{
        "formula":"smart",
        "units":{
            "ton force metric":1000000,
            "pound force":453.5924,
            "ounce force":28.34952,
            "kilogram force":1000,
            "gram force":1,

            "kilo newton":101971.6,
            "newton":101.9716,

            "kip":453592.4,
            "dyne":0.001019716
        }
    },
    "frequency":{
        "formula":"smart",
        "units":{
            "exahertz":1000000000000000000,
            "petahertz":1000000000000000,
            "terahertz":1000000000000,
            "gigahertz":1e+9,
            "megahertz":1e+6,
            "kilohertz":0.001,
            "hertz":1,
            "millihertz":0.001,
            "microhertz":0.000001
        }
    },
    "fuel prices":{
        "formula":"smart",
        "units":{
            "kilometer per liter":2.35215,
            "miles per gallon":1,
            "imperial miles per gallon":0.832674
        }
    },
    "length":{
        "formula":"smart",
        "units":{
            "megameter":1000000,
            "kilometer":1000,
            "decameter":10,
            "meter":1,
            "centimeter":0.01,
            "millimeter":0.001,
            "micrometer":1e-6,
            "nanometer":1e-9,

            "mile":1609,
            "yard":0.9144,
            "foot":0.3048,
            "inch":0.0254,

            "nautical mile":1852.001,
            "chains":20.1168,
            "parsec":30856780000000000,
            "lightyear":9460730000000000,
            "angstrom":0.0000000001
        }
    },
    "mass":{
        "formula":"smart",
        "units":{
            "metric ton":1e+6,
            "kilogram":1000,
            "gram":1,
            "milligram":0.001,
            "microgram":1e-6,

            "imperial ton":1.016e+6,
            "us ton":907185,
            "pound":453.592,
            "ounce":28.3495,

            "slug":14593.9,
            "stone":6350.29,
            "stick":115
        }
    },
    "power":{
        "formula":"smart",
        "units":{
            "exawatt":1000000000000000000,
            "petawatt":1000000000000000,
            "terawatt":1000000000000,
            "gigawatt":1000000000,
            "megawatt":1000000,
            "kilowatt":1000,
            "watt":1,

            "mechanical horsepower":745.7
        }
    },
    "pressure":{
        "formula":"smart",
        "units":{
            "gigabar":10000000000000,
            "megabar":10000000000,
            "kilobar":100000000,
            "bar":100000,
            "decibar":10000,
            "centibar":1000,
            "millibar":100,

            "gigapascal":1000000000,
            "megapascal":1000000,
            "kilopascal":1000,
            "hectopascal":100,
            "pascal":1,
            "millipascal":0.001,

            "PSI":6894.76,
            "Standard atmosphere":101325,
            "Technical atmosphere":98066.5,
            "cmH20":98.0665,
            "mmH20":9.80665,
            "mmHg":133.322,
            "Torr":133.322,

            "martian atmosphere":610
        }
    },
    "speed":{
        "formula":"smart",
        "units":{
            "miles per hour":1,
            "feet per second":0.681818,

            "meters per second":2.23694,
            "kilometers per second":0.621371,

            "knot":1.15078
        }
    },
    "temperature":{
        "formula":"custom",
        "units":{
            "farenheight":["(x - 32) * 5/9", "(x * 9/5) + 32"],
            "celcius":["x * 1", "x * 1"],
            "kelvin":["x - 273.15", "x + 273.15"],

            "rankine":["(x - 491.67) * 5/9", "(x + 273.15) * 9/5"],
            "newton":["x * 100 / 33", "x * 33 / 100"]
        }
    },
    "volume":{
        "formula":"smart",
        "units":{
            "us gallon":0.00378541,
            "us quart":0.000946353,
            "us pint":0.000473176,
            "us cup":0.00024,
            "us fluid ounce":2.9574e-5,
            "us tablespoon":1.4787e-5,
            "us teaspoon":4.9289e-6,

            "imperial gallon":0.00454609,
            "imperial quart":0.00113652,
            "imperial pint":0.000568261,
            "imperial cup":0.000284131,
            "imperial fluid ounce":2.8413e-5,
            "imperial tablespoon":1.7758e-5,
            "imperial teaspoon":5.9194e-6,
            "liter":0.001,
            "milliliter":1e-6,
            "cubic meter":1,
            "cubic foot":0.0283168,
            "cubic inch":1.6387e-5,

            "beerbarrel":0.11734778733,
            "oilbarrel":0.15898731381
        }
    }
}